{"MAE": 1.110958218574524, "f_score": 0.7502867097683957, "acc": 0.7515243902439024, "_timestamp": 1657108088, "_runtime": 29, "_step": 0, "_wandb": {"runtime": 27}}