{"MAE": 1.0181840658187866, "f_score": 0.7607908150901089, "acc": 0.7621951219512195, "_timestamp": 1657107817, "_runtime": 28, "_step": 0, "_wandb": {"runtime": 27}}