{"MAE": 1.0062013864517212, "f_score": 0.7715569610904884, "acc": 0.7728658536585366, "_timestamp": 1657108138, "_runtime": 18, "_step": 0, "_wandb": {"runtime": 17}}