{"MAE": 1.0181840658187866, "f_score": 0.7607908150901089, "acc": 0.7621951219512195, "_timestamp": 1657107871, "_runtime": 27, "_step": 0, "_wandb": {"runtime": 26}}