{"MAE": 1.0190054178237915, "f_score": 0.759319940739133, "acc": 0.760670731707317, "_timestamp": 1657107754, "_runtime": 33, "_step": 0, "_wandb": {"runtime": 33}}