{"decay": 20, "batch_size": 8, "epochs": 60, "_timestamp": 1658837410, "_runtime": 54, "_step": 1, "MAE": 0.9512308835983276, "Corr": 0.6859654344230582, "acc-7": 0.33819241982507287, "acc-5": 0.3746355685131195, "F1-score": 0.7852984836028135, "Acc-2": 0.7865853658536586, "_wandb": {"runtime": 1635}}